id;sur_name;last_name;birth_date;sex;phone
1;open-source;Ullrich;Senior Electronics;mission-critical;436.937.7530
2;hard drive toolset;Donnelly;COM;Health navigate Ergonomic Frozen Hat;097.195.8058 x71634
3;Liberian Dollar generating;Reichert;users Senior;infrastructure Factors Granite;1-704-299-4406
4;teal Dynamic Focused;Beahan;Buckinghamshire;payment Unbranded;326-209-8315 x993
5;bluetooth Libyan Arab Jamahiriya;Mills;Cheese overriding withdrawal;Creative Money Market Account;(592) 788-4497
6;Extended supply-chains;Greenholt;Beauty Ball ability;Refined Plastic Chair protocol empower;248-242-8775
7;Washington indexing;Erdman;Cambridgeshire Money Market Account quantify;Ergonomic Fresh Chair application;809-089-5966 x75903
8;California maximize Argentine Peso;Hintz;Libyan Dinar;Buckinghamshire Berkshire;1-289-141-3607
9;North Dakota e-enable;Cruickshank;Legacy Auto Loan Account;Chief Metrics;1-103-159-3641
10;connect;Schinner;Kwacha Orchestrator PNG;invoice Incredible Plastic Gloves GB;506-799-7466 x080
