id;member_identification;member_name;birth_date;commencement_date
1;24658;HTTP Shoes array;calculating Chief;copy
2;64016;help-desk;Alaska holistic;Ergonomic Frozen Gloves
3;60825;enterprise Granite integrated;Unbranded Cambridgeshire Ergonomic;Frozen Baby
4;53795;Points;Awesome Plastic Soap Dynamic;Beauty
5;13939;withdrawal;Fantastic Wooden Chips;Way
6;4770;Refined Vision-oriented;Tokelau;Fish Associate Legacy
7;16495;Avon Savings Account hacking;Cyprus sky blue;Investment Account
8;4237;Enterprise-wide homogeneous Analyst;human-resource;client-server COM Gorgeous Cotton Hat
9;27665;Investor;olive Team-oriented;ADP Computer disintermediate
10;46819;support Gorgeous Wooden Sausages Personal Loan Account;Shirt;Flat fuchsia white
