id;street;house_number;zip_code;residence
1;Elenora Turnpike;Frozen deposit;40828;Mobility
2;Lind Coves;payment;18880;Generic Granite Chicken cutting-edge Graphic Interface
3;Effertz Turnpike;Home Loan Account 1080p world-class;60295;Principal
4;Rowe Circle;SSL;95587;wireless
5;Mack Wall;functionalities;12912-4280;Ford IB back up
6;Minerva Point;overriding orchestrate Gloves;81431;Solomon Islands Handmade Frozen Pants
7;Gerlach Cove;User-friendly PCI;75373;invoice online
8;Wallace Park;Rubber;73855-3994;Shoes
9;Schamberger Walks;Gorgeous Soft Chips silver;73608;compress Canyon
10;Reynolds Landing;monetize reintermediate unleash;86534;solid state International
